[{"bronze":181,"country":"United States","gold":238,"silver":215,"total_medals":634},{"bronze":134,"country":"China","gold":212,"silver":138,"total_medals":484},{"bronze":164,"country":"Russia","gold":131,"silver":143,"total_medals":438},{"bronze":106,"country":"Great Britain","gold":128,"silver":105,"total_medals":339},{"bronze":100,"country":"Germany","gold":77,"silver":81,"total_medals":258},{"bronze":91,"country":"Australia","gold":80,"silver":73,"total_medals":244},{"bronze":83,"country":"Japan","gold":95,"silver":63,"total_medals":241},{"bronze":76,"country":"France","gold":76,"silver":75,"total_medals":227},{"bronze":68,"country":"Italy","gold":55,"silver":60,"total_medals":183},{"bronze":54,"country":"South Korea","gold":48,"silver":50,"total_medals":152}]
